{
  "C": {
    "F": 0.26705628255621905,
    "G": 0.2679032736204633,
    "Am": 0.13733960106720874,
    "Bb": 0.05581671113369754,
    "C": 0.08533434972261042,
    "Dm": 0.07423876678101046,
    "D": 0.025960276119086943,
    "E": 0.01300131283614958,
    "Em": 0.07034260788548681,
    "B": 0.0030068182780671666,
    "frequency": 0.28557434148465277
  },
  "F": {
    "G": 0.2806997678763517,
    "Am": 0.09601992866443979,
    "C": 0.4883655098227934,
    "Dm": 0.0524259752024005,
    "Em": 0.020098511011719413,
    "D": 0.005491705825737417,
    "F": 0.021004359395346204,
    "Bb": 0.02932684141991734,
    "E": 0.006001245541527487,
    "B": 0.000566155239766744,
    "frequency": 0.21361536414870716
  },
  "G": {
    "C": 0.4731125037302298,
    "F": 0.19403163234855267,
    "Am": 0.1783348254252462,
    "E": 0.006266786034019696,
    "D": 0.026260817666368248,
    "Em": 0.028230378991345867,
    "Dm": 0.05001492091912862,
    "G": 0.03246792002387347,
    "B": 0.003939122649955237,
    "Bb": 0.007341092211280215,
    "frequency": 0.20263406138886872
  },
  "Am": {
    "C": 0.13553600654664485,
    "G": 0.24826104746317512,
    "F": 0.42123567921440264,
    "E": 0.007671849427168576,
    "Bb": 0.013604746317512274,
    "Em": 0.050634206219312604,
    "Dm": 0.07313829787234043,
    "Am": 0.016366612111292964,
    "D": 0.03211947626841244,
    "B": 0.0014320785597381341,
    "frequency": 0.11823041385482427
  },
  "E": {
    "Am": 0.41705607476635514,
    "D": 0.016355140186915886,
    "C": 0.053738317757009345,
    "F": 0.2161214953271028,
    "Dm": 0.037383177570093455,
    "E": 0.053738317757009345,
    "B": 0.15186915887850466,
    "G": 0.04906542056074766,
    "Bb": 0.002336448598130841,
    "Em": 0.002336448598130841,
    "frequency": 0.010352417579759573
  },
  "Dm": {
    "Bb": 0.04474445515911282,
    "Em": 0.06229508196721312,
    "G": 0.29296046287367405,
    "C": 0.2420443587270974,
    "Am": 0.07965284474445516,
    "F": 0.24397299903567984,
    "E": 0.003278688524590164,
    "Dm": 0.027579556412729026,
    "B": 0.0013500482160077145,
    "D": 0.0021215043394406945,
    "frequency": 0.06270710882132405
  },
  "Bb": {
    "E": 0.0007499062617172854,
    "C": 0.34045744281964757,
    "Am": 0.04086989126359205,
    "F": 0.44244469441319834,
    "Bb": 0.0562429696287964,
    "Dm": 0.07236595425571804,
    "G": 0.031121109861267343,
    "D": 0.008998875140607425,
    "Em": 0.0018747656542932134,
    "B": 0.004874390701162355,
    "frequency": 0.03225455337058269
  },
  "D": {
    "Em": 0.16883116883116883,
    "G": 0.2707292707292707,
    "C": 0.33516483516483514,
    "D": 0.012487512487512488,
    "E": 0.016483516483516484,
    "Am": 0.05044955044955045,
    "F": 0.11288711288711288,
    "Dm": 0.023476523476523476,
    "Bb": 0.0034965034965034965,
    "B": 0.005994005994005994,
    "frequency": 0.024212079433035823
  },
  "Em": {
    "C": 0.14945054945054945,
    "D": 0.15412087912087913,
    "F": 0.26703296703296703,
    "Am": 0.19697802197802197,
    "Dm": 0.11593406593406594,
    "G": 0.09642857142857143,
    "B": 0.004945054945054945,
    "Bb": 0.010164835164835165,
    "E": 0.003021978021978022,
    "Em": 0.0019230769230769232,
    "frequency": 0.044021962605519674
  },
  "B": {
    "Em": 0.1342155009451796,
    "B": 0.23629489603024575,
    "Am": 0.052930056710775046,
    "E": 0.3497164461247637,
    "D": 0.017013232514177693,
    "Bb": 0.01890359168241966,
    "G": 0.007561436672967864,
    "F": 0.011342155009451797,
    "C": 0.16824196597353497,
    "Dm": 0.003780718336483932,
    "frequency": 0.00639769731272525
  }
}