{
  "C": {
    "F": 0.20825588968623057,
    "G": 0.20888465020464742,
    "Am": 0.11196121629069462,
    "Bb": 0.05144301639307568,
    "Gm": 0.015949485128446187,
    "Dm": 0.06511855766864151,
    "D": 0.02927920811888277,
    "A": 0.013025748717807973,
    "E": 0.01965917218710542,
    "Em": 0.06222625928392414,
    "Eb": 0.013843137391749838,
    "Ab": 0.014000327521354043,
    "Cm": 0.011893979784657697,
    "Gb": 0.01073077282558658,
    "Bm": 0.011862541758736855,
    "Fm": 0.014974906324900115,
    "Db": 0.010605020721903216,
    "B": 0.012239798069786948,
    "Gbm": 0.01044783059229901,
    "Bbm": 0.010227764410853123,
    "frequency": 0.1726421711982692,
    "Dbm": 0.010007698229407237,
    "Ebm": 0.010007698229407237,
    "Abm": 0.010007698229407237
  },
  "F": {
    "G": 0.21784815456287354,
    "Am": 0.0811043932559419,
    "C": 0.3716115256462044,
    "Dm": 0.048825822990357176,
    "Em": 0.024889376728475517,
    "D": 0.01407395967844843,
    "A": 0.01092994309413823,
    "Bb": 0.03172237277170969,
    "Cm": 0.010552661104021003,
    "Gm": 0.013822438351703614,
    "Eb": 0.013906278793951886,
    "Bm": 0.010384980219524461,
    "Fm": 0.025811621593206508,
    "E": 0.014451241668565653,
    "Ab": 0.012103709285614037,
    "Db": 0.010426900440648595,
    "B": 0.010426900440648595,
    "Bbm": 0.010426900440648595,
    "Gb": 0.010762262209641684,
    "Gbm": 0.010217299335027916,
    "Abm": 0.010133458892779645,
    "frequency": 0.13388259494781585,
    "Dbm": 0.010007698229407237,
    "Ebm": 0.010007698229407237
  },
  "G": {
    "C": 0.3678349792846578,
    "F": 0.15675886395548516,
    "Am": 0.14488696097610698,
    "E": 0.014747431358056324,
    "D": 0.02986943705422246,
    "Em": 0.0313590674660836,
    "Dm": 0.04783528262757804,
    "Ab": 0.013754344416815561,
    "Abm": 0.010775083593093279,
    "B": 0.01298695905312952,
    "Bm": 0.013664063785793676,
    "Gb": 0.010729943277582334,
    "A": 0.011948731796377815,
    "Bb": 0.015559957037253309,
    "Gm": 0.010368820753494786,
    "Eb": 0.010639662646560447,
    "Fm": 0.010820223908604223,
    "Cm": 0.010775083593093279,
    "Gbm": 0.010097978860429124,
    "frequency": 0.12559008394208437,
    "Db": 0.010007698229407237,
    "Dbm": 0.010007698229407237,
    "Ebm": 0.010007698229407237,
    "Bbm": 0.010007698229407237
  },
  "Am": {
    "C": 0.11225463051276877,
    "G": 0.1972932111741004,
    "F": 0.3277834470164886,
    "E": 0.015795260434125814,
    "Bb": 0.020270975205774845,
    "Gm": 0.013017230575860897,
    "Em": 0.048205608780549844,
    "Dm": 0.06518245791439099,
    "D": 0.03423829199316235,
    "Fm": 0.011782550638854267,
    "B": 0.011088043174288038,
    "Ebm": 0.010162033221533065,
    "Ab": 0.014792082985307927,
    "Bm": 0.012940063079797982,
    "Gbm": 0.010162033221533065,
    "Gb": 0.010162033221533065,
    "Eb": 0.010702205693973465,
    "A": 0.011473880654602609,
    "Db": 0.010084865725470151,
    "Abm": 0.010084865725470151,
    "Cm": 0.010162033221533065,
    "frequency": 0.08078520386684207,
    "Dbm": 0.010007698229407237,
    "Bbm": 0.010007698229407237
  },
  "E": {
    "Am": 0.25343266708533035,
    "D": 0.019553775439443435,
    "C": 0.04137338049095475,
    "F": 0.13615228993345704,
    "Dm": 0.031827303280918554,
    "A": 0.05841994693744797,
    "Abm": 0.039327792517375566,
    "Dbm": 0.01750818746586425,
    "B": 0.09864984375117195,
    "Gb": 0.07137533743678282,
    "Ab": 0.01750818746586425,
    "G": 0.038645929859515836,
    "Ebm": 0.015462599492285066,
    "Db": 0.01819005012372398,
    "Eb": 0.016144462150144794,
    "Gm": 0.010689560887266965,
    "Gbm": 0.011371423545126694,
    "Bm": 0.019553775439443435,
    "Fm": 0.010689560887266965,
    "Bb": 0.011371423545126694,
    "Em": 0.011371423545126694,
    "frequency": 0.024782268853325747,
    "Cm": 0.010007698229407237,
    "Bbm": 0.010007698229407237
  },
  "Dm": {
    "Bb": 0.04366116011896499,
    "Eb": 0.011023104407109411,
    "Em": 0.05686144042909325,
    "G": 0.2303508387907789,
    "C": 0.19205552008886836,
    "Am": 0.06991666271383548,
    "F": 0.1935061003427286,
    "Fm": 0.018421063701796674,
    "Cm": 0.010732988356337361,
    "E": 0.01247368466096966,
    "Gm": 0.013489090838671832,
    "A": 0.011313220457881459,
    "Ab": 0.010878046381723384,
    "B": 0.011023104407109411,
    "D": 0.011603336508653509,
    "Db": 0.010297814280179287,
    "Bm": 0.01015275625479326,
    "Bbm": 0.011458278483267486,
    "frequency": 0.0512296818166434,
    "Dbm": 0.010007698229407237,
    "Ebm": 0.010007698229407237,
    "Gb": 0.010007698229407237,
    "Gbm": 0.010007698229407237,
    "Abm": 0.010007698229407237
  },
  "Bb": {
    "E": 0.010496474699707957,
    "C": 0.23191221574593401,
    "Gm": 0.03493529821474394,
    "Am": 0.03664601586079646,
    "F": 0.2983858157068319,
    "Eb": 0.05130930996981806,
    "Cm": 0.03053630998203747,
    "Ab": 0.027359262925082787,
    "Dm": 0.0571746276134267,
    "Db": 0.011229639405159036,
    "Fm": 0.015384239402715152,
    "G": 0.030291921746887107,
    "Ebm": 0.011229639405159036,
    "Bbm": 0.011229639405159036,
    "D": 0.015873015873015876,
    "Em": 0.011229639405159036,
    "Gb": 0.010496474699707957,
    "A": 0.013673521756662636,
    "B": 0.013184745286361915,
    "Abm": 0.010740862934858316,
    "frequency": 0.0375755243820153,
    "Dbm": 0.010007698229407237,
    "Gbm": 0.010007698229407237,
    "Bm": 0.010007698229407237
  },
  "Gm": {
    "Am": 0.05052469510959848,
    "Cm": 0.027733884364490907,
    "F": 0.21512499493537543,
    "Eb": 0.13029253271747498,
    "C": 0.1404217819375228,
    "Dm": 0.07458166200721203,
    "Ab": 0.020136947449455045,
    "Bb": 0.12649406425995707,
    "A": 0.034064665127020784,
    "Em": 0.013806166686925166,
    "D": 0.01633847899193712,
    "G": 0.01507232283943114,
    "Fm": 0.020136947449455045,
    "Ebm": 0.011273854381913213,
    "Gb": 0.011273854381913213,
    "frequency": 0.02148425493425239,
    "Db": 0.010007698229407237,
    "Dbm": 0.010007698229407237,
    "E": 0.010007698229407237,
    "Gbm": 0.010007698229407237,
    "Abm": 0.010007698229407237,
    "Bbm": 0.010007698229407237,
    "B": 0.010007698229407237,
    "Bm": 0.010007698229407237
  },
  "Eb": {
    "Dm": 0.018907385405403,
    "C": 0.08743497666057039,
    "F": 0.14261303715174414,
    "Cm": 0.03937666591019326,
    "Bb": 0.275218376074081,
    "Ab": 0.07853528948457461,
    "Gm": 0.032256916169396646,
    "Em": 0.010897666947006812,
    "Db": 0.04115660334539241,
    "E": 0.019797354123002577,
    "Fm": 0.07052557102617843,
    "G": 0.025137166428600036,
    "Gb": 0.016237479252604273,
    "Abm": 0.016237479252604273,
    "Bbm": 0.01712744797020385,
    "D": 0.018907385405403,
    "Ebm": 0.022467260275801305,
    "B": 0.013567573099805542,
    "Am": 0.010897666947006812,
    "frequency": 0.023111106330033295,
    "Dbm": 0.010007698229407237,
    "Gbm": 0.010007698229407237,
    "A": 0.010007698229407237,
    "Bm": 0.010007698229407237
  },
  "D": {
    "Em": 0.12338467163445656,
    "G": 0.19181337747655733,
    "C": 0.23508447087670928,
    "E": 0.02107704770386471,
    "Am": 0.0438866163178983,
    "Dbm": 0.01067856789452587,
    "Eb": 0.01604552521547495,
    "F": 0.08581597038781298,
    "Bm": 0.04254487698766103,
    "Db": 0.011349437559644506,
    "Cm": 0.010343133061966554,
    "Gb": 0.015710090382915636,
    "A": 0.03281726684344082,
    "Gbm": 0.019064438708508807,
    "Dm": 0.025773135359695155,
    "Fm": 0.019735308373627445,
    "Bb": 0.012355742057322459,
    "Gm": 0.01872900387594949,
    "B": 0.014032916220119046,
    "Ab": 0.011349437559644506,
    "frequency": 0.03216323666453407,
    "Ebm": 0.010007698229407237,
    "Abm": 0.010007698229407237,
    "Bbm": 0.010007698229407237
  },
  "Em": {
    "C": 0.11943640994972517,
    "D": 0.1228560571909851,
    "Bm": 0.023082820034224637,
    "F": 0.20553105814144587,
    "Am": 0.15423634952254686,
    "Dm": 0.09489541210068328,
    "G": 0.08061335597542119,