{
  "C": {
    "F": 0.24773116066881126,
    "G": 0.2484977381365238,
    "Am": 0.13032982148863825,
    "Bb": 0.056546740221307845,
    "Gm": 0.01327344216893589,
    "Dm": 0.07321980014405524,
    "D": 0.02952488448444139,
    "A": 0.009708856944072653,
    "E": 0.017796249228439778,
    "Em": 0.06969354379257764,
    "Eb": 0.010705407652098934,
    "Ab": 0.010897052019027067,
    "Cm": 0.008329017502190112,
    "Gb": 0.006910849186921943,
    "Bm": 0.008290688628804485,
    "Fm": 0.012085247093981477,
    "Db": 0.0067575336933794385,
    "B": 0.008750635109432,
    "Gbm": 0.006565889326451308,
    "Bbm": 0.006297587212751924,
    "frequency": 0.10974891288338331,
    "Dbm": 0.006029285099052541,
    "Ebm": 0.006029285099052541,
    "Abm": 0.006029285099052541
  },
  "F": {
    "G": 0.24336916744299977,
    "Am": 0.0872169495716896,
    "C": 0.4189566398991511,
    "Dm": 0.05035698397974942,
    "Em": 0.023023165339492488,
    "D": 0.010672683361933315,
    "A": 0.007082426973107974,
    "Bb": 0.030825989224539566,
    "Cm": 0.0066515962064489335,
    "Gm": 0.010385462850827289,
    "Eb": 0.010481203021195965,
    "Bm": 0.006460115865711582,
    "Fm": 0.024076307213547924,
    "E": 0.011103514128592356,
    "Ab": 0.008422789358269435,
    "Db": 0.006507985950895919,
    "B": 0.006507985950895919,
    "Bbm": 0.006507985950895919,
    "Gb": 0.006890946632370623,
    "Gbm": 0.006268635524974231,
    "Abm": 0.006172895354605554,
    "frequency": 0.09356011523468812,
    "Dbm": 0.006029285099052541,
    "Ebm": 0.006029285099052541
  },
  "G": {
    "C": 0.41958075157122954,
    "F": 0.17563390443815274,
    "Am": 0.16191319853652758,
    "E": 0.011507133462819235,
    "D": 0.02898407824245583,
    "Em": 0.030705687728211077,
    "Dm": 0.04974773204035243,
    "Ab": 0.01035939380564907,
    "Abm": 0.006916174834138577,
    "B": 0.009472504070563034,
    "Bm": 0.010255053836815419,
    "Gb": 0.006864004849721751,
    "A": 0.008272594428976045,
    "Bb": 0.012446193182322096,
    "Gm": 0.006446644974387146,
    "Eb": 0.0067596648808881,
    "Fm": 0.006968344818555402,
    "Cm": 0.006916174834138577,
    "Gbm": 0.0061336250678861925,
    "frequency": 0.08819999312863429,
    "Db": 0.006029285099052541,
    "Dbm": 0.006029285099052541,
    "Ebm": 0.006029285099052541,
    "Bbm": 0.006029285099052541
  },
  "Am": {
    "C": 0.12229431531567579,
    "G": 0.21899172157885982,
    "F": 0.367372224293056,
    "E": 0.012610324545276498,
    "Bb": 0.017699661717023023,
    "Gm": 0.009451425611088998,
    "Em": 0.049464145444130664,
    "Dm": 0.06876852781972094,
    "D": 0.03358190358057684,
    "Fm": 0.008047470529227888,
    "B": 0.007257745795681014,
    "Ebm": 0.00620477948428518,
    "Ab": 0.011469611041264345,
    "Bm": 0.009363678418472679,
    "Gbm": 0.00620477948428518,
    "Gb": 0.00620477948428518,
    "Eb": 0.006819009832599416,
    "A": 0.00769648175876261,
    "Db": 0.00611703229166886,
    "Abm": 0.00611703229166886,
    "Cm": 0.00620477948428518,
    "frequency": 0.06400534890886073,
    "Dbm": 0.006029285099052541,
    "Bbm": 0.006029285099052541
  },
  "E": {
    "Am": 0.28995683824003093,
    "D": 0.01716369894771836,
    "C": 0.0426137877446688,
    "F": 0.1531626109564223,
    "Dm": 0.031479373896002985,
    "A": 0.06249666961728634,
    "Abm": 0.040227841919954696,
    "Dbm": 0.014777753123004255,
    "B": 0.10942027083666371,
    "Gb": 0.07760765984047566,
    "Ab": 0.014777753123004255,
    "G": 0.039432526645049995,
    "Ebm": 0.01239180729829015,
    "Db": 0.015573068397908958,
    "Eb": 0.013187122573194852,
    "Gm": 0.006824600373957243,
    "Gbm": 0.007619915648861944,
    "Bm": 0.01716369894771836,
    "Fm": 0.006824600373957243,
    "Bb": 0.007619915648861944,
    "Em": 0.007619915648861944,
    "frequency": 0.03244098859047372,
    "Cm": 0.006029285099052541,
    "Bbm": 0.006029285099052541
  },
  "Dm": {
    "Bb": 0.04472559313767679,
    "Eb": 0.007196846117459308,
    "Em": 0.05990388637696476,
    "G": 0.2593900260933208,
    "C": 0.21535629625626565,
    "Am": 0.07491538518505175,
    "F": 0.21702424056827527,
    "Fm": 0.015703362108708603,
    "Cm": 0.006863257255057374,
    "E": 0.008864790429468972,
    "Gm": 0.01003235144787574,
    "A": 0.0075304349798612415,
    "Ab": 0.007030051686258341,
    "B": 0.007196846117459308,
    "D": 0.007864023842263174,
    "Db": 0.006362873961454475,
    "Bm": 0.006196079530253508,
    "Bbm": 0.007697229411062207,
    "frequency": 0.04719126392075396,
    "Dbm": 0.006029285099052541,
    "Ebm": 0.006029285099052541,
    "Gb": 0.006029285099052541,
    "Gbm": 0.006029285099052541,
    "Abm": 0.006029285099052541
  },
  "Bb": {
    "E": 0.006603502727533735,
    "C": 0.2667240884295148,
    "Gm": 0.03531438415159346,
    "Am": 0.037324145851277635,
    "F": 0.3448176859029572,
    "Eb": 0.05455067470571347,
    "Cm": 0.030146425495262707,
    "Ab": 0.026414010910134938,
    "Dm": 0.061441286247487806,
    "Db": 0.007464829170255526,
    "Fm": 0.012345679012345678,
    "G": 0.029859316681022104,
    "Ebm": 0.007464829170255526,
    "Bbm": 0.007464829170255526,
    "D": 0.012919896640826873,
    "Em": 0.007464829170255526,
    "Gb": 0.006603502727533735,
    "A": 0.0103359173126615,
    "B": 0.009761699684180305,
    "Abm": 0.0068906115417743325,
    "frequency": 0.03936975061158306,
    "Dbm": 0.006029285099052541,
    "Gbm": 0.006029285099052541,
    "Bm": 0.006029285099052541
  },
  "Gm": {
    "Am": 0.05212033220122199,
    "Cm": 0.02619411820625167,
    "F": 0.23936521105378536,
    "Eb": 0.1428620811836181,
    "C": 0.15438484295916044,
    "Dm": 0.0794868914181351,
    "Ab": 0.0175520468745949,
    "Bb": 0.1385410455177897,
    "A": 0.03339584431596565,
    "Em": 0.010350320764880926,
    "D": 0.013231011208766517,
    "G": 0.011790665986823722,
    "Fm": 0.0175520468745949,
    "Ebm": 0.007469630320995336,
    "Gb": 0.007469630320995336,
    "frequency": 0.030688015413510742,
    "Db": 0.006029285099052541,
    "Dbm": 0.006029285099052541,
    "E": 0.006029285099052541,
    "Gbm": 0.006029285099052541,
    "Abm": 0.006029285099052541,
    "Bbm": 0.006029285099052541,
    "B": 0.006029285099052541,
    "Bm": 0.006029285099052541
  },
  "Eb": {
    "Dm": 0.01602147120951416,
    "C": 0.09296130426006863,
    "F": 0.15491285814493067,
    "Cm": 0.03900349926357588,
    "Bb": 0.3037964311908088,
    "Ab": 0.08296911814960702,
    "Gm": 0.031009750375206587,
    "Em": 0.007028503710098702,
    "Db": 0.0410019364856682,
    "E": 0.01702068982056032,
    "Fm": 0.07397615065019154,
    "G": 0.02301600148683729,
    "Gb": 0.013023815376375673,
    "Abm": 0.013023815376375673,
    "Bbm": 0.014023033987421834,
    "D": 0.01602147120951416,
    "Ebm": 0.020018345653698807,
    "B": 0.010026159543237188,
    "Am": 0.007028503710098702,
    "frequency": 0.031642211122208115,
    "Dbm": 0.006029285099052541,
    "Gbm": 0.006029285099052541,
    "A": 0.006029285099052541,
    "Bm": 0.006029285099052541
  },
  "D": {
    "Em": 0.13427965410344267,
    "G": 0.21168520225993845,
    "C": 0.2606328283000755,
    "E": 0.01855077083025039,
    "Am": 0.04435262021574899,
    "Dbm": 0.0067881630221554405,
    "Eb": 0.012859186406978642,
    "F": 0.09178249040968024,
    "Bm": 0.04283486436954319,
    "Db": 0.007547040945258341,
    "Cm": 0.006408724060603991,
    "Gb": 0.012479747445427191,
    "A": 0.03183113448455114,
    "Gbm": 0.01627413706094169,
    "Dm": 0.023862916291970692,
    "Fm": 0.01703301498404459,
    "Bb": 0.008685357829912692,
    "Gm": 0.01589469809939024,
    "B": 0.010582552637669941,
    "Ab": 0.007547040945258341,
    "frequency": 0.03673125490192745,
    "Ebm": 0.006029285099052541,
    "Abm": 0.006029285099052541,
    "Bbm": 0.006029285099052541
  },
  "Em": {
    "C": 0.12868938584267942,
    "D": 0.13252251399091775,
    "Bm": 0.020685363312905013,
    "F": 0.22519402392773877,
    "Am": 0.1676971017041637,
    "Dm": 0.10118105442591015,
    "G": 0.08517210745385591,